INLINE PersonalDataTable,First Like,Second Like,First Disike,Second Dislike,Age,Height,Generation
0x01 Amelia,AmeliaLike,AmeliaLike2,Skills,EirikaDislike2ID,RedactedAgeID,EirikaHeightID,HoloMyth
0x01 Amelia,AmeliaLike,AmeliaLike2,Skills,EirikaDislike2ID,RedactedAgeID,EirikaHeightID,HoloMyth
0x02 Reine,ReineLike,ReineLike2,ReineSkill,ReineSkill2,AgeSecret,ReineHeight,IDsecond
0x03 Mumei,MumeiLike,MumeiLike2,MumeiSkill,MumeiSkill2,MumeiAge,MumeiHeight,EnCouncil
0x04 Fauna,BotanSkill1,BotanSkill1,BotanSkill1,BotanSkill1,MumeiAge,MumeiHeight,EnCouncil
0x05 Miko,BotanSkill1,BotanSkill1,BotanSkill1,BotanSkill1,MumeiAge,MumeiHeight,Gen0
0x06 Suisei,BotanSkill1,BotanSkill1,BotanSkill1,BotanSkill1,MumeiAge,MumeiHeight,Gen0
0x07 Baelz,BotanSkill1,BotanSkill1,BotanSkill1,BotanSkill1,MumeiAge,MumeiHeight,EnCouncil
0x08 Polka,BotanSkill1,BotanSkill1,BotanSkill1,BotanSkill1,MumeiAge,MumeiHeight,Gen5
0x09 Noel,BotanSkill1,BotanSkill1,BotanSkill1,BotanSkill1,MumeiAge,MumeiHeight,Gen3
0x0A Flare,BotanSkill1,BotanSkill1,BotanSkill1,BotanSkill1,MumeiAge,MumeiHeight,Gen3
0x0B Watame,BotanSkill1,BotanSkill1,BotanSkill1,BotanSkill1,MumeiAge,MumeiHeight,Gen4
0x0C Nene,BotanSkill1,BotanSkill1,BotanSkill1,BotanSkill1,MumeiAge,MumeiHeight,Gen5
0x0D Luna,BotanSkill1,BotanSkill1,BotanSkill1,BotanSkill1,MumeiAge,MumeiHeight,Gen4
0x0E Subaru,BotanSkill1,BotanSkill1,BotanSkill1,BotanSkill1,MumeiAge,MumeiHeight,Gen2
0x0F Iofi,BotanSkill1,BotanSkill1,BotanSkill1,BotanSkill1,MumeiAge,MumeiHeight,IDone
0x10 Roboco,BotanSkill1,BotanSkill1,BotanSkill1,BotanSkill1,MumeiAge,MumeiHeight,Gen0
0x11 Risu,BotanSkill1,BotanSkill1,BotanSkill1,BotanSkill1,MumeiAge,MumeiHeight,IDone
0x12 Matsuri,BotanSkill1,BotanSkill1,BotanSkill1,BotanSkill1,MumeiAge,MumeiHeight,Gen1
0x13 Aki,BotanSkill1,BotanSkill1,BotanSkill1,BotanSkill1,MumeiAge,MumeiHeight,Gen1
0x14 Botan,BotanSkill1,BotanSkill1,BotanSkill1,BotanSkill1,MumeiAge,MumeiHeight,Gen5
0x15 Sora,BotanSkill1,BotanSkill1,BotanSkill1,BotanSkill1,MumeiAge,MumeiHeight,Gen0
0x16 Azki,BotanSkill1,BotanSkill1,BotanSkill1,BotanSkill1,MumeiAge,MumeiHeight,Gen0
0x17 Pekora,BotanSkill1,BotanSkill1,BotanSkill1,BotanSkill1,MumeiAge,MumeiHeight,Gen3
0x18 Moona,BotanSkill1,BotanSkill1,BotanSkill1,BotanSkill1,MumeiAge,MumeiHeight,IDone
0x19 Lamy,BotanSkill1,BotanSkill1,BotanSkill1,BotanSkill1,MumeiAge,MumeiHeight,Gen5
0x1A Chloe,BotanSkill1,BotanSkill1,BotanSkill1,BotanSkill1,MumeiAge,MumeiHeight,Gen6
0x1B Rushia,BotanSkill1,BotanSkill1,BotanSkill1,BotanSkill1,MumeiAge,MumeiHeight,Gen3
0x1C Kiara,BotanSkill1,BotanSkill1,BotanSkill1,BotanSkill1,MumeiAge,MumeiHeight,HoloMyth
0x1D Aqua,BotanSkill1,BotanSkill1,BotanSkill1,BotanSkill1,MumeiAge,MumeiHeight,Gen2
0x1E Friend C,BotanSkill1,BotanSkill1,BotanSkill1,BotanSkill1,MumeiAge,MumeiHeight,Gen4
0x1F Shion,BotanSkill1,BotanSkill1,BotanSkill1,BotanSkill1,MumeiAge,MumeiHeight,Gen2
0x20 Marine,BotanSkill1,BotanSkill1,BotanSkill1,BotanSkill1,MumeiAge,MumeiHeight,Gen3
0x21 Gura,BotanSkill1,BotanSkill1,BotanSkill1,BotanSkill1,MumeiAge,MumeiHeight,HoloMyth
0x22 Ina,BotanSkill1,BotanSkill1,BotanSkill1,BotanSkill1,MumeiAge,MumeiHeight,HoloMyth
0x23 Calliope,BotanSkill1,BotanSkill1,BotanSkill1,BotanSkill1,MumeiAge,MumeiHeight,HoloMyth
0x24 Ollie,BotanSkill1,BotanSkill1,BotanSkill1,BotanSkill1,MumeiAge,MumeiHeight,IDsecond
0x25 Shirakami,BotanSkill1,BotanSkill1,BotanSkill1,BotanSkill1,MumeiAge,MumeiHeight,Gen1
0x26 Korone,BotanSkill1,BotanSkill1,BotanSkill1,BotanSkill1,MumeiAge,MumeiHeight,Gamers
0x27 Okayu,BotanSkill1,BotanSkill1,BotanSkill1,BotanSkill1,MumeiAge,MumeiHeight,Gamers
0x28 Mio,BotanSkill1,BotanSkill1,BotanSkill1,BotanSkill1,MumeiAge,MumeiHeight,Gamers
0x29 Irys,BotanSkill1,BotanSkill1,BotanSkill1,BotanSkill1,MumeiAge,MumeiHeight,GenPromise
0x2A Kanata,BotanSkill1,BotanSkill1,BotanSkill1,BotanSkill1,MumeiAge,MumeiHeight,Gen4
0x2B Towa,BotanSkill1,BotanSkill1,BotanSkill1,BotanSkill1,MumeiAge,MumeiHeight,Gen4
0x2C Mel,BotanSkill1,BotanSkill1,BotanSkill1,BotanSkill1,MumeiAge,MumeiHeight,Gen1
0x2D Choco,BotanSkill1,BotanSkill1,BotanSkill1,BotanSkill1,MumeiAge,MumeiHeight,Gen2
0x2E Lui,BotanSkill1,BotanSkill1,BotanSkill1,BotanSkill1,MumeiAge,MumeiHeight,Gen6
0x2F Laplus,BotanSkill1,BotanSkill1,BotanSkill1,BotanSkill1,MumeiAge,MumeiHeight,Gen6
0x30 Anya,BotanSkill1,BotanSkill1,BotanSkill1,BotanSkill1,MumeiAge,MumeiHeight,IDsecond
0x31 Kobo,BotanSkill1,BotanSkill1,BotanSkill1,BotanSkill1,MumeiAge,MumeiHeight,IDthird
0x32 Zeta,ZetaLike1,ZetaLike2,ZetaSkill1,ZetaSkill2,RedactedAgeID,ZetaHeight,IDthird
0x33 Kaela,BotanSkill1,BotanSkill1,BotanSkill1,BotanSkill1,MumeiAge,MumeiHeight,IDthird
0x34 Iroha,BotanSkill1,BotanSkill1,BotanSkill1,BotanSkill1,MumeiAge,MumeiHeight,Gen6
0x35 Koyori,BotanSkill1,BotanSkill1,BotanSkill1,BotanSkill1,MumeiAge,MumeiHeight,Gen6
0x36 Sana,BotanSkill1,BotanSkill1,BotanSkill1,BotanSkill1,MumeiAge,MumeiHeight,EnCouncil
0x37 Ayame,BotanSkill1,BotanSkill1,BotanSkill1,BotanSkill1,MumeiAge,MumeiHeight,Gen2
0x38 Kronii,BotanSkill1,BotanSkill1,BotanSkill1,BotanSkill1,MumeiAge,MumeiHeight,EnCouncil
0x39 Kurokami,0x0000,0x0000,0x0000,0x0000,0x0000,0x0000,0x0000
0,0x0000,0x0000,0x0000,0x0000,0x0000,0x0000,0x0000
Lyon's Summon,0x0000,0x0000,0x0000,0x0000,0x0000,0x0000,0x0000
0,0x0000,0x0000,0x0000,0x0000,0x0000,0x0000,0x0000
0,0x0000,0x0000,0x0000,0x0000,0x0000,0x0000,0x0000
Knoll's Summon,0x0000,0x0000,0x0000,0x0000,0x0000,0x0000,0x0000
Ewan's Summon,0x0000,0x0000,0x0000,0x0000,0x0000,0x0000,0x0000
Lyon (Ch 17),0x0000,0x0000,0x0000,0x0000,0x0000,0x0000,0x0000
Morva (Ch 20),0x0000,0x0000,0x0000,0x0000,0x0000,0x0000,0x0000
Orson (Ch 5x),0x0000,0x0000,0x0000,0x0000,0x0000,0x0000,0x0000
Valter (Ch 15),0x0000,0x0000,0x0000,0x0000,0x0000,0x0000,0x0000
Selena (Ch 10B & 13B),0x0000,0x0000,0x0000,0x0000,0x0000,0x0000,0x0000
Valter (Prologue),0x0000,0x0000,0x0000,0x0000,0x0000,0x0000,0x0000
Breguet (Ch 1),0x0000,0x0000,0x0000,0x0000,0x0000,0x0000,0x0000
Bone (Ch 2),0x0000,0x0000,0x0000,0x0000,0x0000,0x0000,0x0000
Bazba (Ch 3),0x0000,0x0000,0x0000,0x0000,0x0000,0x0000,0x0000
Entombed (Ch 4),0x0000,0x0000,0x0000,0x0000,0x0000,0x0000,0x0000
Saar (Ch 5),0x0000,0x0000,0x0000,0x0000,0x0000,0x0000,0x0000
Novala (Ch 6),0x0000,0x0000,0x0000,0x0000,0x0000,0x0000,0x0000
Murray (Ch 7),0x0000,0x0000,0x0000,0x0000,0x0000,0x0000,0x0000
Tirado (Ch 8),0x0000,0x0000,0x0000,0x0000,0x0000,0x0000,0x0000
Binks (Ch 9A),0x0000,0x0000,0x0000,0x0000,0x0000,0x0000,0x0000
Pablo (Ch 10A),0x0000,0x0000,0x0000,0x0000,0x0000,0x0000,0x0000
Maelduin (Ch 12A),0x0000,0x0000,0x0000,0x0000,0x0000,0x0000,0x0000
Aias (Ch 13A),0x0000,0x0000,0x0000,0x0000,0x0000,0x0000,0x0000
Carlyle (Ch 14A),0x0000,0x0000,0x0000,0x0000,0x0000,0x0000,0x0000
Caellach (Ch 15),0x0000,0x0000,0x0000,0x0000,0x0000,0x0000,0x0000
Pablo (Ch 13A),0x0000,0x0000,0x0000,0x0000,0x0000,0x0000,0x0000
0,0x0000,0x0000,0x0000,0x0000,0x0000,0x0000,0x0000
Gorgon (Ch 18),0x0000,0x0000,0x0000,0x0000,0x0000,0x0000,0x0000
Riev (Ch 19 & 20),0x0000,0x0000,0x0000,0x0000,0x0000,0x0000,0x0000
0,0x0000,0x0000,0x0000,0x0000,0x0000,0x0000,0x0000
0,0x0000,0x0000,0x0000,0x0000,0x0000,0x0000,0x0000
Gheb (Ch 9B),0x0000,0x0000,0x0000,0x0000,0x0000,0x0000,0x0000
Beran (Ch 10B),0x0000,0x0000,0x0000,0x0000,0x0000,0x0000,0x0000
Cyclops (Ch 12B),0x0000,0x0000,0x0000,0x0000,0x0000,0x0000,0x0000
Wight (Ch 11A),0x0000,0x0000,0x0000,0x0000,0x0000,0x0000,0x0000
Deathgoyle (Ch 11B),0x0000,0x0000,0x0000,0x0000,0x0000,0x0000,0x0000
Entombed (Monster Boss),0x0000,0x0000,0x0000,0x0000,0x0000,0x0000,0x0000
0,0x0000,0x0000,0x0000,0x0000,0x0000,0x0000,0x0000
0,0x0000,0x0000,0x0000,0x0000,0x0000,0x0000,0x0000
0,0x0000,0x0000,0x0000,0x0000,0x0000,0x0000,0x0000
0,0x0000,0x0000,0x0000,0x0000,0x0000,0x0000,0x0000
Hunter (Ch 16),0x0000,0x0000,0x0000,0x0000,0x0000,0x0000,0x0000
0,0x0000,0x0000,0x0000,0x0000,0x0000,0x0000,0x0000
Brigand,0x0000,0x0000,0x0000,0x0000,0x0000,0x0000,0x0000
0,0x0000,0x0000,0x0000,0x0000,0x0000,0x0000,0x0000
O'Neill (Prologue),0x0000,0x0000,0x0000,0x0000,0x0000,0x0000,0x0000
Glen (Cutscene),0x0000,0x0000,0x0000,0x0000,0x0000,0x0000,0x0000
Zonta (Ch 5x),0x0000,0x0000,0x0000,0x0000,0x0000,0x0000,0x0000
Vigarde (Ch 14B),0x0000,0x0000,0x0000,0x0000,0x0000,0x0000,0x0000
Lyon (Ch Final),0x0000,0x0000,0x0000,0x0000,0x0000,0x0000,0x0000
Orson (Ch 16),0x0000,0x0000,0x0000,0x0000,0x0000,0x0000,0x0000
0,0x0000,0x0000,0x0000,0x0000,0x0000,0x0000,0x0000
0,0x0000,0x0000,0x0000,0x0000,0x0000,0x0000,0x0000
0,0x0000,0x0000,0x0000,0x0000,0x0000,0x0000,0x0000
0,0x0000,0x0000,0x0000,0x0000,0x0000,0x0000,0x0000
0,0x0000,0x0000,0x0000,0x0000,0x0000,0x0000,0x0000
0,0x0000,0x0000,0x0000,0x0000,0x0000,0x0000,0x0000
0,0x0000,0x0000,0x0000,0x0000,0x0000,0x0000,0x0000
0,0x0000,0x0000,0x0000,0x0000,0x0000,0x0000,0x0000
0,0x0000,0x0000,0x0000,0x0000,0x0000,0x0000,0x0000
0,0x0000,0x0000,0x0000,0x0000,0x0000,0x0000,0x0000
0,0x0000,0x0000,0x0000,0x0000,0x0000,0x0000,0x0000
0,0x0000,0x0000,0x0000,0x0000,0x0000,0x0000,0x0000
0,0x0000,0x0000,0x0000,0x0000,0x0000,0x0000,0x0000
0,0x0000,0x0000,0x0000,0x0000,0x0000,0x0000,0x0000
0,0x0000,0x0000,0x0000,0x0000,0x0000,0x0000,0x0000
0,0x0000,0x0000,0x0000,0x0000,0x0000,0x0000,0x0000
0,0x0000,0x0000,0x0000,0x0000,0x0000,0x0000,0x0000
Grado Soldier (Special),0x0000,0x0000,0x0000,0x0000,0x0000,0x0000,0x0000
Grado Soldier 1 (Normal),0x0000,0x0000,0x0000,0x0000,0x0000,0x0000,0x0000
Grado Soldier 2,0x0000,0x0000,0x0000,0x0000,0x0000,0x0000,0x0000
Grado Soldier 3,0x0000,0x0000,0x0000,0x0000,0x0000,0x0000,0x0000
Grado Soldier 4,0x0000,0x0000,0x0000,0x0000,0x0000,0x0000,0x0000
Grado Soldier 5,0x0000,0x0000,0x0000,0x0000,0x0000,0x0000,0x0000
Grado Soldier 6,0x0000,0x0000,0x0000,0x0000,0x0000,0x0000,0x0000
Grado Soldier 7,0x0000,0x0000,0x0000,0x0000,0x0000,0x0000,0x0000
Grado Soldier 8,0x0000,0x0000,0x0000,0x0000,0x0000,0x0000,0x0000
Grado Soldier 9,0x0000,0x0000,0x0000,0x0000,0x0000,0x0000,0x0000
Grado Soldier 10 (Duessel's),0x0000,0x0000,0x0000,0x0000,0x0000,0x0000,0x0000
Grado Soldier 11 (Duessel's),0x0000,0x0000,0x0000,0x0000,0x0000,0x0000,0x0000
Grado Soldier 12 (Duessel's),0x0000,0x0000,0x0000,0x0000,0x0000,0x0000,0x0000
Grado Soldier 13,0x0000,0x0000,0x0000,0x0000,0x0000,0x0000,0x0000
Grado Remnant 1 (Main),0x0000,0x0000,0x0000,0x0000,0x0000,0x0000,0x0000
Cutthroat,0x0000,0x0000,0x0000,0x0000,0x0000,0x0000,0x0000
Grado Remnant 2 (Cutscene and C16 only?),0x0000,0x0000,0x0000,0x0000,0x0000,0x0000,0x0000
Grado Remnant 3 (C16 only?),0x0000,0x0000,0x0000,0x0000,0x0000,0x0000,0x0000
Grado Remnant 4 (C16 only?),0x0000,0x0000,0x0000,0x0000,0x0000,0x0000,0x0000
Wraith (Sage),0x0000,0x0000,0x0000,0x0000,0x0000,0x0000,0x0000
Wraith (Swords),0x0000,0x0000,0x0000,0x0000,0x0000,0x0000,0x0000
Wraith (Axes),0x0000,0x0000,0x0000,0x0000,0x0000,0x0000,0x0000
0,0x0000,0x0000,0x0000,0x0000,0x0000,0x0000,0x0000
0,0x0000,0x0000,0x0000,0x0000,0x0000,0x0000,0x0000
0,0x0000,0x0000,0x0000,0x0000,0x0000,0x0000,0x0000
0,0x0000,0x0000,0x0000,0x0000,0x0000,0x0000,0x0000
0,0x0000,0x0000,0x0000,0x0000,0x0000,0x0000,0x0000
0,0x0000,0x0000,0x0000,0x0000,0x0000,0x0000,0x0000
0,0x0000,0x0000,0x0000,0x0000,0x0000,0x0000,0x0000
0,0x0000,0x0000,0x0000,0x0000,0x0000,0x0000,0x0000
0,0x0000,0x0000,0x0000,0x0000,0x0000,0x0000,0x0000
0,0x0000,0x0000,0x0000,0x0000,0x0000,0x0000,0x0000
0,0x0000,0x0000,0x0000,0x0000,0x0000,0x0000,0x0000
0,0x0000,0x0000,0x0000,0x0000,0x0000,0x0000,0x0000
0,0x0000,0x0000,0x0000,0x0000,0x0000,0x0000,0x0000
0,0x0000,0x0000,0x0000,0x0000,0x0000,0x0000,0x0000
0,0x0000,0x0000,0x0000,0x0000,0x0000,0x0000,0x0000
0,0x0000,0x0000,0x0000,0x0000,0x0000,0x0000,0x0000
0,0x0000,0x0000,0x0000,0x0000,0x0000,0x0000,0x0000
0,0x0000,0x0000,0x0000,0x0000,0x0000,0x0000,0x0000
Mercenary (C9A),0x0000,0x0000,0x0000,0x0000,0x0000,0x0000,0x0000
Mercenary (C10A),0x0000,0x0000,0x0000,0x0000,0x0000,0x0000,0x0000
Merc Remnant (C13A),0x0000,0x0000,0x0000,0x0000,0x0000,0x0000,0x0000
Monster,0x0000,0x0000,0x0000,0x0000,0x0000,0x0000,0x0000
Monster,0x0000,0x0000,0x0000,0x0000,0x0000,0x0000,0x0000
Monster,0x0000,0x0000,0x0000,0x0000,0x0000,0x0000,0x0000
Monster,0x0000,0x0000,0x0000,0x0000,0x0000,0x0000,0x0000
Monster,0x0000,0x0000,0x0000,0x0000,0x0000,0x0000,0x0000
Monster,0x0000,0x0000,0x0000,0x0000,0x0000,0x0000,0x0000
Monster,0x0000,0x0000,0x0000,0x0000,0x0000,0x0000,0x0000
Monster,0x0000,0x0000,0x0000,0x0000,0x0000,0x0000,0x0000
Monster,0x0000,0x0000,0x0000,0x0000,0x0000,0x0000,0x0000
Monster,0x0000,0x0000,0x0000,0x0000,0x0000,0x0000,0x0000
Monster,0x0000,0x0000,0x0000,0x0000,0x0000,0x0000,0x0000
Monster,0x0000,0x0000,0x0000,0x0000,0x0000,0x0000,0x0000
Monster,0x0000,0x0000,0x0000,0x0000,0x0000,0x0000,0x0000
Monster,0x0000,0x0000,0x0000,0x0000,0x0000,0x0000,0x0000
Monster,0x0000,0x0000,0x0000,0x0000,0x0000,0x0000,0x0000
Monster,0x0000,0x0000,0x0000,0x0000,0x0000,0x0000,0x0000
Monster,0x0000,0x0000,0x0000,0x0000,0x0000,0x0000,0x0000
Monster,0x0000,0x0000,0x0000,0x0000,0x0000,0x0000,0x0000
Monster,0x0000,0x0000,0x0000,0x0000,0x0000,0x0000,0x0000
Monster,0x0000,0x0000,0x0000,0x0000,0x0000,0x0000,0x0000
Monster,0x0000,0x0000,0x0000,0x0000,0x0000,0x0000,0x0000
Demon King,0x0000,0x0000,0x0000,0x0000,0x0000,0x0000,0x0000
0,0x0000,0x0000,0x0000,0x0000,0x0000,0x0000,0x0000
Frelian,0x0000,0x0000,0x0000,0x0000,0x0000,0x0000,0x0000
Frelian,0x0000,0x0000,0x0000,0x0000,0x0000,0x0000,0x0000
0,0x0000,0x0000,0x0000,0x0000,0x0000,0x0000,0x0000
0,0x0000,0x0000,0x0000,0x0000,0x0000,0x0000,0x0000
0,0x0000,0x0000,0x0000,0x0000,0x0000,0x0000,0x0000
Fado (Renais),0x0000,0x0000,0x0000,0x0000,0x0000,0x0000,0x0000
0,0x0000,0x0000,0x0000,0x0000,0x0000,0x0000,0x0000
Hayden (Frelia),0x0000,0x0000,0x0000,0x0000,0x0000,0x0000,0x0000
Mansel (Rausten),0x0000,0x0000,0x0000,0x0000,0x0000,0x0000,0x0000
Klimt (Carcino),0x0000,0x0000,0x0000,0x0000,0x0000,0x0000,0x0000
Dara (Caer Pelyn),0x0000,0x0000,0x0000,0x0000,0x0000,0x0000,0x0000
Ismaire (Jehanna),0x0000,0x0000,0x0000,0x0000,0x0000,0x0000,0x0000
Pegasus Messenger,0x0000,0x0000,0x0000,0x0000,0x0000,0x0000,0x0000
Rausten Knight,0x0000,0x0000,0x0000,0x0000,0x0000,0x0000,0x0000
Rausten Knight,0x0000,0x0000,0x0000,0x0000,0x0000,0x0000,0x0000
(Untested Beyond this point),0x0000,0x0000,0x0000,0x0000,0x0000,0x0000,0x0000
0,0x0000,0x0000,0x0000,0x0000,0x0000,0x0000,0x0000
0,0x0000,0x0000,0x0000,0x0000,0x0000,0x0000,0x0000
0,0x0000,0x0000,0x0000,0x0000,0x0000,0x0000,0x0000
0,0x0000,0x0000,0x0000,0x0000,0x0000,0x0000,0x0000
0,0x0000,0x0000,0x0000,0x0000,0x0000,0x0000,0x0000
0,0x0000,0x0000,0x0000,0x0000,0x0000,0x0000,0x0000
0,0x0000,0x0000,0x0000,0x0000,0x0000,0x0000,0x0000
0,0x0000,0x0000,0x0000,0x0000,0x0000,0x0000,0x0000
0,0x0000,0x0000,0x0000,0x0000,0x0000,0x0000,0x0000
0,0x0000,0x0000,0x0000,0x0000,0x0000,0x0000,0x0000
0,0x0000,0x0000,0x0000,0x0000,0x0000,0x0000,0x0000
0,0x0000,0x0000,0x0000,0x0000,0x0000,0x0000,0x0000
0,0x0000,0x0000,0x0000,0x0000,0x0000,0x0000,0x0000
0,0x0000,0x0000,0x0000,0x0000,0x0000,0x0000,0x0000
0,0x0000,0x0000,0x0000,0x0000,0x0000,0x0000,0x0000
0,0x0000,0x0000,0x0000,0x0000,0x0000,0x0000,0x0000
0,0x0000,0x0000,0x0000,0x0000,0x0000,0x0000,0x0000
0,0x0000,0x0000,0x0000,0x0000,0x0000,0x0000,0x0000
0,0x0000,0x0000,0x0000,0x0000,0x0000,0x0000,0x0000
0,0x0000,0x0000,0x0000,0x0000,0x0000,0x0000,0x0000
0,0x0000,0x0000,0x0000,0x0000,0x0000,0x0000,0x0000
0,0x0000,0x0000,0x0000,0x0000,0x0000,0x0000,0x0000
0,0x0000,0x0000,0x0000,0x0000,0x0000,0x0000,0x0000
0,0x0000,0x0000,0x0000,0x0000,0x0000,0x0000,0x0000
0,0x0000,0x0000,0x0000,0x0000,0x0000,0x0000,0x0000
0,0x0000,0x0000,0x0000,0x0000,0x0000,0x0000,0x0000
0,0x0000,0x0000,0x0000,0x0000,0x0000,0x0000,0x0000
0,0x0000,0x0000,0x0000,0x0000,0x0000,0x0000,0x0000
0,0x0000,0x0000,0x0000,0x0000,0x0000,0x0000,0x0000
0,0x0000,0x0000,0x0000,0x0000,0x0000,0x0000,0x0000
0,0x0000,0x0000,0x0000,0x0000,0x0000,0x0000,0x0000
0,0x0000,0x0000,0x0000,0x0000,0x0000,0x0000,0x0000
0,0x0000,0x0000,0x0000,0x0000,0x0000,0x0000,0x0000
0,0x0000,0x0000,0x0000,0x0000,0x0000,0x0000,0x0000
0,0x0000,0x0000,0x0000,0x0000,0x0000,0x0000,0x0000
0,0x0000,0x0000,0x0000,0x0000,0x0000,0x0000,0x0000
0,0x0000,0x0000,0x0000,0x0000,0x0000,0x0000,0x0000
0,0x0000,0x0000,0x0000,0x0000,0x0000,0x0000,0x0000
0,0x0000,0x0000,0x0000,0x0000,0x0000,0x0000,0x0000
0,0x0000,0x0000,0x0000,0x0000,0x0000,0x0000,0x0000
0,0x0000,0x0000,0x0000,0x0000,0x0000,0x0000,0x0000
0,0x0000,0x0000,0x0000,0x0000,0x0000,0x0000,0x0000
0,0x0000,0x0000,0x0000,0x0000,0x0000,0x0000,0x0000
0,0x0000,0x0000,0x0000,0x0000,0x0000,0x0000,0x0000
0,0x0000,0x0000,0x0000,0x0000,0x0000,0x0000,0x0000
0,0x0000,0x0000,0x0000,0x0000,0x0000,0x0000,0x0000
0,0x0000,0x0000,0x0000,0x0000,0x0000,0x0000,0x0000